fileName,hashType,hash,dateTime
PacketTracer.exe,MD5,683212ce609586c5a4a50533172153c8,24.11.2023 16:27:09
PacketTracer.exe,MD2,62f72ba1edd58fd9f0989b0d862fde40,24.11.2023 16:27:21
PacketTracer.exe,MD4,eb4806def606add91af4063ca50f0c91,24.11.2023 16:27:21
PacketTracer.exe,MD5,683212ce609586c5a4a50533172153c8,24.11.2023 16:27:21
PacketTracer.exe,SHA1,20b3efc091b6651f625433a407974d356c159d6c,24.11.2023 16:27:21
PacketTracer.exe,SHA-224,6569a4577db1f20346becce68ed5ce771cc0bc8cb4dcf237308c8d4b,24.11.2023 16:27:22
PacketTracer.exe,SHA-256,8efbf8192de9f5de62aeb6e2d838e6075767cdcd0145ec8e0135dd83df677550,24.11.2023 16:27:22
PacketTracer.exe,SHA-384,3ec0c40eda996202efa67670e9c58fd97a0673dade2a6716fd33644286287d0b0f19281ec4c71f40fc25cb2603c4bff1,24.11.2023 16:27:22
PacketTracer.exe,SHA-512,5476b44ad9279894a8687b93ec1b36fc14c6d0562f98db83a3e4bd539d8d92439e3269bc70be762cb818cecb0e0a1fe068c8cdfe08f09132a09fac0bdd523be3,24.11.2023 16:27:23
PacketTracer.exe,Whirlpool,1c392fee9172bdf5c9594e6e992af1ccc91a20e892b4bd66eebc7d765542247282798d156a70a0bc33b2770b910aae192ee6eee335d1ff454042fa36ba8be885,24.11.2023 16:27:24
PacketTracer.exe,RIPEMD-128,d5943e11f53303bcd4c21889be34241a,24.11.2023 16:27:25
PacketTracer.exe,RIPEMD-160,d5943e11f53303bcd4c21889be34241a,24.11.2023 16:27:25
PacketTracer.exe,RIPEMD-256,91fe3a9c168cb26e00bd25e42a37c293c8912d38c90d449596407abb841b2b56,24.11.2023 16:27:25
PacketTracer.exe,RIPEMD-320,d8aa28eba1b407fcc56f4629ddfa57b7774a383b67815f239f2526d2876f3c168086d43736828961,24.11.2023 16:27:25
_a32a2cd5-0bf8-4bb2-8439-4e270ead9329.jpg,MD5,c38c96310a0c5ea571f9e8771ec67e73,27.11.2023 13:48:19
_a32a2cd5-0bf8-4bb2-8439-4e270ead9329.jpg,MD5,c38c96310a0c5ea571f9e8771ec67e73,27.11.2023 13:48:19
_a32a2cd5-0bf8-4bb2-8439-4e270ead9329.jpg,MD2,7af98dcb84979426a0d475dc28591ef8,27.11.2023 13:48:21
_a32a2cd5-0bf8-4bb2-8439-4e270ead9329.jpg,MD4,d63f5e1808406c9e248634183f2949ef,27.11.2023 13:48:21
_a32a2cd5-0bf8-4bb2-8439-4e270ead9329.jpg,MD5,c38c96310a0c5ea571f9e8771ec67e73,27.11.2023 13:48:21
_a32a2cd5-0bf8-4bb2-8439-4e270ead9329.jpg,SHA1,1cb0de9dfaca876ac303436082f586e95a175d5f,27.11.2023 13:48:21
_a32a2cd5-0bf8-4bb2-8439-4e270ead9329.jpg,SHA-224,0e90f4be7c825d58f6f58fbc58ef516caf4259e79e9e3f21edcf3ef8,27.11.2023 13:48:21
_a32a2cd5-0bf8-4bb2-8439-4e270ead9329.jpg,SHA-256,01c1d70097524c042d896a438d5d1408681c1f8e05a43e920fde756640797ffe,27.11.2023 13:48:21
_a32a2cd5-0bf8-4bb2-8439-4e270ead9329.jpg,SHA-384,87e4210396e1006393ff0054020411a40d20a319698fbf17922deb5bd77a19e16cf4298f7d32b4e48d7f12bd9810d20b,27.11.2023 13:48:21
_a32a2cd5-0bf8-4bb2-8439-4e270ead9329.jpg,SHA-512,1d6aa06fbe0f1152ad94d5e2093bb5679e09c054ea24f1f5f8cae997fb8d055029600bfb0bc04694f345882a4cad96f544479ae1ae10927c15adedc196c29749,27.11.2023 13:48:21
_a32a2cd5-0bf8-4bb2-8439-4e270ead9329.jpg,Whirlpool,ed360289e744de5d2c1e19bac19656fab1fcf06dece2508d53bacc95e94ad0d01e419b43778a8facb9b4e66857376ab44c129ee3b9a91313475cb9ac5861ebfa,27.11.2023 13:48:21
_a32a2cd5-0bf8-4bb2-8439-4e270ead9329.jpg,RIPEMD-128,ba722ab70728c586c7f4104f6aea2d11,27.11.2023 13:48:21
_a32a2cd5-0bf8-4bb2-8439-4e270ead9329.jpg,RIPEMD-160,ba722ab70728c586c7f4104f6aea2d11,27.11.2023 13:48:21
_a32a2cd5-0bf8-4bb2-8439-4e270ead9329.jpg,RIPEMD-256,e9ad987739fad1ef3d7b0c51f14b4989fc1031bfb9676f651472d260e7bdc134,27.11.2023 13:48:21
_a32a2cd5-0bf8-4bb2-8439-4e270ead9329.jpg,RIPEMD-320,09e7d02b08ff9bf8674aaaf75c4909432978f46e875d7c9b642f4e6913dd663535c67d18461eb48e,27.11.2023 13:48:21
_a32a2cd5-0bf8-4bb2-8439-4e270ead9329.jpg,MD5,c38c96310a0c5ea571f9e8771ec67e73,27.11.2023 15:14:26
_a32a2cd5-0bf8-4bb2-8439-4e270ead9329.jpg,MD2,7af98dcb84979426a0d475dc28591ef8,27.11.2023 15:14:28
_a32a2cd5-0bf8-4bb2-8439-4e270ead9329.jpg,MD4,d63f5e1808406c9e248634183f2949ef,27.11.2023 15:14:28
_a32a2cd5-0bf8-4bb2-8439-4e270ead9329.jpg,MD5,c38c96310a0c5ea571f9e8771ec67e73,27.11.2023 15:14:28
_a32a2cd5-0bf8-4bb2-8439-4e270ead9329.jpg,SHA1,1cb0de9dfaca876ac303436082f586e95a175d5f,27.11.2023 15:14:29
_a32a2cd5-0bf8-4bb2-8439-4e270ead9329.jpg,SHA-224,0e90f4be7c825d58f6f58fbc58ef516caf4259e79e9e3f21edcf3ef8,27.11.2023 15:14:29
_a32a2cd5-0bf8-4bb2-8439-4e270ead9329.jpg,SHA-256,01c1d70097524c042d896a438d5d1408681c1f8e05a43e920fde756640797ffe,27.11.2023 15:14:29
_a32a2cd5-0bf8-4bb2-8439-4e270ead9329.jpg,SHA-384,87e4210396e1006393ff0054020411a40d20a319698fbf17922deb5bd77a19e16cf4298f7d32b4e48d7f12bd9810d20b,27.11.2023 15:14:29
_a32a2cd5-0bf8-4bb2-8439-4e270ead9329.jpg,SHA-512,1d6aa06fbe0f1152ad94d5e2093bb5679e09c054ea24f1f5f8cae997fb8d055029600bfb0bc04694f345882a4cad96f544479ae1ae10927c15adedc196c29749,27.11.2023 15:14:29
_a32a2cd5-0bf8-4bb2-8439-4e270ead9329.jpg,Whirlpool,ed360289e744de5d2c1e19bac19656fab1fcf06dece2508d53bacc95e94ad0d01e419b43778a8facb9b4e66857376ab44c129ee3b9a91313475cb9ac5861ebfa,27.11.2023 15:14:29
_a32a2cd5-0bf8-4bb2-8439-4e270ead9329.jpg,RIPEMD-128,ba722ab70728c586c7f4104f6aea2d11,27.11.2023 15:14:29
_a32a2cd5-0bf8-4bb2-8439-4e270ead9329.jpg,RIPEMD-160,ba722ab70728c586c7f4104f6aea2d11,27.11.2023 15:14:29
_a32a2cd5-0bf8-4bb2-8439-4e270ead9329.jpg,RIPEMD-256,e9ad987739fad1ef3d7b0c51f14b4989fc1031bfb9676f651472d260e7bdc134,27.11.2023 15:14:29
_a32a2cd5-0bf8-4bb2-8439-4e270ead9329.jpg,RIPEMD-320,09e7d02b08ff9bf8674aaaf75c4909432978f46e875d7c9b642f4e6913dd663535c67d18461eb48e,27.11.2023 15:14:29
encrypted,MD5,59919239a012ac6e6b71ceb0b63fd811,27.11.2023 15:22:01
encrypted,MD5,59919239a012ac6e6b71ceb0b63fd811,27.11.2023 15:22:04
_a32a2cd5-0bf8-4bb2-8439-4e270ead9329.jpg,MD5,c38c96310a0c5ea571f9e8771ec67e73,3.12.2023 00:50:20
_a32a2cd5-0bf8-4bb2-8439-4e270ead9329.jpg,MD2,7af98dcb84979426a0d475dc28591ef8,3.12.2023 00:50:23
_a32a2cd5-0bf8-4bb2-8439-4e270ead9329.jpg,MD4,d63f5e1808406c9e248634183f2949ef,3.12.2023 00:50:23
_a32a2cd5-0bf8-4bb2-8439-4e270ead9329.jpg,MD5,c38c96310a0c5ea571f9e8771ec67e73,3.12.2023 00:50:23
_a32a2cd5-0bf8-4bb2-8439-4e270ead9329.jpg,SHA1,1cb0de9dfaca876ac303436082f586e95a175d5f,3.12.2023 00:50:23
_a32a2cd5-0bf8-4bb2-8439-4e270ead9329.jpg,SHA-224,0e90f4be7c825d58f6f58fbc58ef516caf4259e79e9e3f21edcf3ef8,3.12.2023 00:50:23
_a32a2cd5-0bf8-4bb2-8439-4e270ead9329.jpg,SHA-256,01c1d70097524c042d896a438d5d1408681c1f8e05a43e920fde756640797ffe,3.12.2023 00:50:23
_a32a2cd5-0bf8-4bb2-8439-4e270ead9329.jpg,SHA-384,87e4210396e1006393ff0054020411a40d20a319698fbf17922deb5bd77a19e16cf4298f7d32b4e48d7f12bd9810d20b,3.12.2023 00:50:23
_a32a2cd5-0bf8-4bb2-8439-4e270ead9329.jpg,SHA-512,1d6aa06fbe0f1152ad94d5e2093bb5679e09c054ea24f1f5f8cae997fb8d055029600bfb0bc04694f345882a4cad96f544479ae1ae10927c15adedc196c29749,3.12.2023 00:50:23
_a32a2cd5-0bf8-4bb2-8439-4e270ead9329.jpg,Whirlpool,ed360289e744de5d2c1e19bac19656fab1fcf06dece2508d53bacc95e94ad0d01e419b43778a8facb9b4e66857376ab44c129ee3b9a91313475cb9ac5861ebfa,3.12.2023 00:50:23
_a32a2cd5-0bf8-4bb2-8439-4e270ead9329.jpg,RIPEMD-128,ba722ab70728c586c7f4104f6aea2d11,3.12.2023 00:50:23
_a32a2cd5-0bf8-4bb2-8439-4e270ead9329.jpg,RIPEMD-160,ba722ab70728c586c7f4104f6aea2d11,3.12.2023 00:50:23
_a32a2cd5-0bf8-4bb2-8439-4e270ead9329.jpg,RIPEMD-256,e9ad987739fad1ef3d7b0c51f14b4989fc1031bfb9676f651472d260e7bdc134,3.12.2023 00:50:23
_a32a2cd5-0bf8-4bb2-8439-4e270ead9329.jpg,RIPEMD-320,09e7d02b08ff9bf8674aaaf75c4909432978f46e875d7c9b642f4e6913dd663535c67d18461eb48e,3.12.2023 00:50:23
_a32a2cd5-0bf8-4bb2-8439-4e270ead9329.jpg,MD5,c38c96310a0c5ea571f9e8771ec67e73,3.12.2023 03:47:15
_a32a2cd5-0bf8-4bb2-8439-4e270ead9329.jpg,MD2,7af98dcb84979426a0d475dc28591ef8,3.12.2023 03:47:27
_a32a2cd5-0bf8-4bb2-8439-4e270ead9329.jpg,MD4,d63f5e1808406c9e248634183f2949ef,3.12.2023 03:47:27
_a32a2cd5-0bf8-4bb2-8439-4e270ead9329.jpg,MD5,c38c96310a0c5ea571f9e8771ec67e73,3.12.2023 03:47:27
_a32a2cd5-0bf8-4bb2-8439-4e270ead9329.jpg,SHA1,1cb0de9dfaca876ac303436082f586e95a175d5f,3.12.2023 03:47:27
_a32a2cd5-0bf8-4bb2-8439-4e270ead9329.jpg,SHA-224,0e90f4be7c825d58f6f58fbc58ef516caf4259e79e9e3f21edcf3ef8,3.12.2023 03:47:27
_a32a2cd5-0bf8-4bb2-8439-4e270ead9329.jpg,SHA-256,01c1d70097524c042d896a438d5d1408681c1f8e05a43e920fde756640797ffe,3.12.2023 03:47:27
_a32a2cd5-0bf8-4bb2-8439-4e270ead9329.jpg,SHA-384,87e4210396e1006393ff0054020411a40d20a319698fbf17922deb5bd77a19e16cf4298f7d32b4e48d7f12bd9810d20b,3.12.2023 03:47:27
_a32a2cd5-0bf8-4bb2-8439-4e270ead9329.jpg,SHA-512,1d6aa06fbe0f1152ad94d5e2093bb5679e09c054ea24f1f5f8cae997fb8d055029600bfb0bc04694f345882a4cad96f544479ae1ae10927c15adedc196c29749,3.12.2023 03:47:27
_a32a2cd5-0bf8-4bb2-8439-4e270ead9329.jpg,Whirlpool,ed360289e744de5d2c1e19bac19656fab1fcf06dece2508d53bacc95e94ad0d01e419b43778a8facb9b4e66857376ab44c129ee3b9a91313475cb9ac5861ebfa,3.12.2023 03:47:27
_a32a2cd5-0bf8-4bb2-8439-4e270ead9329.jpg,RIPEMD-128,ba722ab70728c586c7f4104f6aea2d11,3.12.2023 03:47:27
_a32a2cd5-0bf8-4bb2-8439-4e270ead9329.jpg,RIPEMD-160,ba722ab70728c586c7f4104f6aea2d11,3.12.2023 03:47:27
_a32a2cd5-0bf8-4bb2-8439-4e270ead9329.jpg,RIPEMD-256,e9ad987739fad1ef3d7b0c51f14b4989fc1031bfb9676f651472d260e7bdc134,3.12.2023 03:47:27
_a32a2cd5-0bf8-4bb2-8439-4e270ead9329.jpg,RIPEMD-320,09e7d02b08ff9bf8674aaaf75c4909432978f46e875d7c9b642f4e6913dd663535c67d18461eb48e,3.12.2023 03:47:27
_a32a2cd5-0bf8-4bb2-8439-4e270ead9329.jpg,MD5,c38c96310a0c5ea571f9e8771ec67e73,3.12.2023 04:02:40
1.png,MD2,bba500e6a120b6cd0c108df4bcc05c12,3.12.2023 04:02:46
1.png,MD4,3500371b0efd5983df0b0b87904ee625,3.12.2023 04:02:46
1.png,MD5,1e9505240d5d4b75666b997a5970b5ed,3.12.2023 04:02:46
1.png,SHA1,e0c2907e7cd877f72af36c6c76d11bbd558a6fea,3.12.2023 04:02:46
1.png,SHA-224,9f548aba55a3ac6a6cf9023307781b51300b3563d3878fb2fdbb4d7b,3.12.2023 04:02:46
1.png,SHA-256,1896f43bf4cb55db573e98ed2da93a6686ba2e04051dbdb9e7eb448da3b3e6e8,3.12.2023 04:02:46
1.png,SHA-384,92ab023bfafd3586f2a10e86e7b8f1a12ab60c6a6051397488f83bfbc65a441bd3377c9b38324fcccfa58696278e3fd3,3.12.2023 04:02:46
1.png,SHA-512,578a897b483eca9673b5d78d432f62be00a74d82ab52c70cab2a6dff2179e586d593bc2d5353b9c182680217d0aa2e101bd6add1a641f1bd43eccfc0881b6141,3.12.2023 04:02:46
1.png,Whirlpool,6437abd9ffcc15c57b48cde55dc82d8363d4e57a1c75eff72bc1792899151eda0dca5b2f4c67cf0e36e11f0056de47e27b44d3191a068f2778b1d2aff33c5f39,3.12.2023 04:02:46
1.png,RIPEMD-128,64fc52469486f6fdaec1932b4f05045a,3.12.2023 04:02:46
1.png,RIPEMD-160,64fc52469486f6fdaec1932b4f05045a,3.12.2023 04:02:46
1.png,RIPEMD-256,a64bb26e3dd50153152ee5644d561917aa034a55adc9a697371a29da265cd888,3.12.2023 04:02:46
1.png,RIPEMD-320,5a1e67875560ed2a33ca2c2e0ca61080ce00fd777e822ea96cbf3c7cf88f11e810e2822c0d226bc9,3.12.2023 04:02:46
_a32a2cd5-0bf8-4bb2-8439-4e270ead9329.jpg,MD5,c38c96310a0c5ea571f9e8771ec67e73,7.12.2023 09:40:03
_a32a2cd5-0bf8-4bb2-8439-4e270ead9329.jpg,RIPEMD-128,ba722ab70728c586c7f4104f6aea2d11,7.12.2023 09:40:05
_a32a2cd5-0bf8-4bb2-8439-4e270ead9329.jpg,MD2,7af98dcb84979426a0d475dc28591ef8,7.12.2023 09:40:05
_a32a2cd5-0bf8-4bb2-8439-4e270ead9329.jpg,MD4,d63f5e1808406c9e248634183f2949ef,7.12.2023 09:40:05
_a32a2cd5-0bf8-4bb2-8439-4e270ead9329.jpg,MD5,c38c96310a0c5ea571f9e8771ec67e73,7.12.2023 09:40:05
_a32a2cd5-0bf8-4bb2-8439-4e270ead9329.jpg,SHA1,1cb0de9dfaca876ac303436082f586e95a175d5f,7.12.2023 09:40:05
_a32a2cd5-0bf8-4bb2-8439-4e270ead9329.jpg,SHA-224,0e90f4be7c825d58f6f58fbc58ef516caf4259e79e9e3f21edcf3ef8,7.12.2023 09:40:05
_a32a2cd5-0bf8-4bb2-8439-4e270ead9329.jpg,SHA-256,01c1d70097524c042d896a438d5d1408681c1f8e05a43e920fde756640797ffe,7.12.2023 09:40:05
_a32a2cd5-0bf8-4bb2-8439-4e270ead9329.jpg,SHA-384,87e4210396e1006393ff0054020411a40d20a319698fbf17922deb5bd77a19e16cf4298f7d32b4e48d7f12bd9810d20b,7.12.2023 09:40:05
_a32a2cd5-0bf8-4bb2-8439-4e270ead9329.jpg,SHA-512,1d6aa06fbe0f1152ad94d5e2093bb5679e09c054ea24f1f5f8cae997fb8d055029600bfb0bc04694f345882a4cad96f544479ae1ae10927c15adedc196c29749,7.12.2023 09:40:05
_a32a2cd5-0bf8-4bb2-8439-4e270ead9329.jpg,Whirlpool,ed360289e744de5d2c1e19bac19656fab1fcf06dece2508d53bacc95e94ad0d01e419b43778a8facb9b4e66857376ab44c129ee3b9a91313475cb9ac5861ebfa,7.12.2023 09:40:05
_a32a2cd5-0bf8-4bb2-8439-4e270ead9329.jpg,RIPEMD-128,ba722ab70728c586c7f4104f6aea2d11,7.12.2023 09:40:05
_a32a2cd5-0bf8-4bb2-8439-4e270ead9329.jpg,RIPEMD-160,ba722ab70728c586c7f4104f6aea2d11,7.12.2023 09:40:05
_a32a2cd5-0bf8-4bb2-8439-4e270ead9329.jpg,RIPEMD-256,e9ad987739fad1ef3d7b0c51f14b4989fc1031bfb9676f651472d260e7bdc134,7.12.2023 09:40:05
_a32a2cd5-0bf8-4bb2-8439-4e270ead9329.jpg,RIPEMD-320,09e7d02b08ff9bf8674aaaf75c4909432978f46e875d7c9b642f4e6913dd663535c67d18461eb48e,7.12.2023 09:40:06
_a32a2cd5-0bf8-4bb2-8439-4e270ead9329.jpg,RIPEMD-160,318e2b81b680db87affd1765dfad7e7da82c1630,7.12.2023 09:40:08
_a32a2cd5-0bf8-4bb2-8439-4e270ead9329.jpg,MD2,7af98dcb84979426a0d475dc28591ef8,10.12.2023 16:43:45
_a32a2cd5-0bf8-4bb2-8439-4e270ead9329.jpg,MD4,d63f5e1808406c9e248634183f2949ef,10.12.2023 16:43:45
_a32a2cd5-0bf8-4bb2-8439-4e270ead9329.jpg,MD5,c38c96310a0c5ea571f9e8771ec67e73,10.12.2023 16:43:45
_a32a2cd5-0bf8-4bb2-8439-4e270ead9329.jpg,SHA1,1cb0de9dfaca876ac303436082f586e95a175d5f,10.12.2023 16:43:45
_a32a2cd5-0bf8-4bb2-8439-4e270ead9329.jpg,SHA-224,0e90f4be7c825d58f6f58fbc58ef516caf4259e79e9e3f21edcf3ef8,10.12.2023 16:43:45
_a32a2cd5-0bf8-4bb2-8439-4e270ead9329.jpg,SHA-256,01c1d70097524c042d896a438d5d1408681c1f8e05a43e920fde756640797ffe,10.12.2023 16:43:45
_a32a2cd5-0bf8-4bb2-8439-4e270ead9329.jpg,SHA-384,87e4210396e1006393ff0054020411a40d20a319698fbf17922deb5bd77a19e16cf4298f7d32b4e48d7f12bd9810d20b,10.12.2023 16:43:45
_a32a2cd5-0bf8-4bb2-8439-4e270ead9329.jpg,SHA-512,1d6aa06fbe0f1152ad94d5e2093bb5679e09c054ea24f1f5f8cae997fb8d055029600bfb0bc04694f345882a4cad96f544479ae1ae10927c15adedc196c29749,10.12.2023 16:43:45
_a32a2cd5-0bf8-4bb2-8439-4e270ead9329.jpg,Whirlpool,ed360289e744de5d2c1e19bac19656fab1fcf06dece2508d53bacc95e94ad0d01e419b43778a8facb9b4e66857376ab44c129ee3b9a91313475cb9ac5861ebfa,10.12.2023 16:43:45
_a32a2cd5-0bf8-4bb2-8439-4e270ead9329.jpg,RIPEMD-128,ba722ab70728c586c7f4104f6aea2d11,10.12.2023 16:43:45
_a32a2cd5-0bf8-4bb2-8439-4e270ead9329.jpg,RIPEMD-160,ba722ab70728c586c7f4104f6aea2d11,10.12.2023 16:43:45
_a32a2cd5-0bf8-4bb2-8439-4e270ead9329.jpg,RIPEMD-256,e9ad987739fad1ef3d7b0c51f14b4989fc1031bfb9676f651472d260e7bdc134,10.12.2023 16:43:45
_a32a2cd5-0bf8-4bb2-8439-4e270ead9329.jpg,RIPEMD-320,09e7d02b08ff9bf8674aaaf75c4909432978f46e875d7c9b642f4e6913dd663535c67d18461eb48e,10.12.2023 16:43:45
